customer_id,age,gender,region,customer_segment,tenure_months
100000,19,Female,South,Consumer,15
100001,55,Female,North,Consumer,58
100002,23,Female,East,Enterprise,49
100003,56,Male,South,Consumer,10
100004,31,Female,West,Enterprise,41
100005,56,Male,West,Business,55
100006,18,Female,South,Enterprise,59
100007,21,Male,North,Consumer,31
100008,43,Female,West,Enterprise,40
100009,60,Female,South,Enterprise,36
100010,47,Male,North,Consumer,53
100011,71,Male,North,Consumer,70
100012,27,Male,East,Consumer,63
100013,25,Male,North,Enterprise,52
100014,18,Female,North,Consumer,10
100015,34,Male,North,Enterprise,18
100016,39,Male,East,Consumer,1
100017,75,Male,East,Consumer,47
100018,69,Male,East,Consumer,53
100019,40,Female,East,Consumer,36
100020,34,Male,West,Consumer,25
100021,43,Female,South,Consumer,42
100022,47,Female,West,Enterprise,42
100023,33,Female,North,Business,6
100024,21,Male,North,Business,60
100025,67,Female,South,Business,36
100026,44,Female,East,Enterprise,9
100027,69,Male,West,Consumer,70
100028,73,Female,South,Consumer,18
100029,67,Male,North,Consumer,9
100030,67,Male,East,Consumer,15
100031,60,Female,North,Enterprise,55
100032,67,Female,West,Business,69
100033,31,Female,East,Business,63
100034,46,Male,North,Business,63
100035,38,Male,South,Consumer,25
100036,35,Male,North,Enterprise,17
100037,49,Male,North,Consumer,52
100038,54,Male,North,Consumer,40
100039,61,Male,East,Enterprise,10
100040,46,Male,West,Enterprise,37
100041,66,Male,West,Enterprise,6
100042,39,Female,West,Business,21
100043,58,Female,North,Consumer,64
100044,59,Male,West,Enterprise,16
100045,70,Male,East,Enterprise,35
100046,73,Male,South,Enterprise,42
100047,51,Female,North,Enterprise,13
100048,73,Male,North,Consumer,63
100049,41,Female,South,Consumer,46
100050,75,Female,East,Enterprise,2
100051,62,Female,North,Enterprise,38
100052,58,Male,North,Business,18
100053,69,Male,West,Consumer,44
100054,61,Female,West,Enterprise,48
100055,20,Female,West,Consumer,6
100056,35,Male,East,Consumer,53
100057,21,Female,South,Consumer,3
100058,69,Male,North,Enterprise,33
100059,46,Male,North,Enterprise,14
100060,75,Male,East,Enterprise,10
100061,70,Female,West,Business,44
100062,53,Male,East,Enterprise,17
100063,72,Female,North,Business,45
100064,54,Female,North,Consumer,19
100065,35,Female,West,Business,11
100066,18,Male,East,Consumer,8
100067,19,Female,North,Business,56
100068,45,Female,North,Business,32
100069,56,Male,North,Consumer,23
100070,68,Female,North,Business,39
100071,50,Male,North,Business,61
100072,41,Female,West,Business,47
100073,26,Male,East,Enterprise,51
100074,30,Male,South,Consumer,63
100075,44,Female,South,Business,6
100076,44,Male,South,Enterprise,68
100077,32,Female,East,Consumer,12
100078,36,Female,South,Enterprise,5
100079,58,Female,North,Consumer,54
100080,41,Male,North,Business,68
100081,70,Male,West,Enterprise,44
100082,48,Female,North,Enterprise,70
100083,69,Male,West,Consumer,35
100084,46,Male,East,Enterprise,45
100085,42,Male,South,Enterprise,47
100086,51,Female,North,Business,64
100087,53,Female,East,Consumer,9
100088,47,Male,North,Consumer,48
100089,67,Male,West,Enterprise,24
100090,58,Female,South,Enterprise,26
100091,57,Male,West,Enterprise,54
100092,31,Female,South,Business,60
100093,24,Male,East,Business,19
100094,19,Male,West,Enterprise,64
100095,41,Male,West,Consumer,52
100096,41,Male,South,Enterprise,72
100097,50,Female,East,Business,44
100098,27,Male,North,Enterprise,49
100099,51,Female,East,Consumer,62
100100,38,Female,East,Enterprise,63
100101,46,Female,West,Consumer,45
100102,39,Female,North,Enterprise,53
100103,52,Male,South,Business,30
100104,59,Female,South,Enterprise,59
100105,23,Female,North,Consumer,42
100106,21,Male,West,Business,31
100107,44,Female,South,Consumer,48
100108,27,Male,East,Enterprise,69
100109,64,Male,West,Business,40
100110,67,Female,East,Business,18
100111,61,Female,West,Consumer,60
100112,33,Male,West,Business,7
100113,44,Female,East,Consumer,29
100114,44,Male,East,Business,54
100115,59,Male,West,Business,43
100116,30,Male,West,Consumer,28
100117,66,Female,South,Business,61
100118,54,Male,West,Enterprise,49
100119,20,Male,North,Consumer,68
100120,53,Female,North,Consumer,69
100121,68,Female,North,Business,35
100122,62,Male,North,Business,2
100123,29,Female,North,Consumer,5
100124,68,Male,East,Consumer,18
100125,23,Female,South,Enterprise,49
100126,26,Male,South,Business,14
100127,54,Male,West,Consumer,32
100128,47,Male,South,Business,26
100129,36,Female,South,Business,41
100130,61,Female,South,Enterprise,53
100131,67,Male,East,Consumer,14
100132,55,Male,West,Business,72
100133,48,Female,West,Consumer,67
100134,39,Female,West,Consumer,21
100135,69,Male,East,Business,14
100136,70,Female,North,Enterprise,23
100137,53,Male,West,Business,23
100138,61,Female,West,Enterprise,53
100139,54,Male,East,Enterprise,15
100140,34,Female,North,Business,58
100141,35,Male,East,Enterprise,69
100142,66,Female,West,Consumer,32
100143,73,Male,West,Enterprise,1
100144,54,Female,East,Enterprise,17
100145,59,Female,East,Consumer,12
100146,55,Male,West,Consumer,17
100147,22,Male,South,Business,19
100148,68,Male,South,Business,41
100149,25,Male,West,Enterprise,50
100150,55,Male,North,Business,3
100151,35,Male,East,Consumer,20
100152,47,Male,East,Enterprise,15
100153,67,Male,East,Business,16
100154,32,Male,North,Consumer,15
100155,25,Male,South,Consumer,48
100156,65,Male,West,Business,39
100157,18,Female,East,Consumer,43
100158,65,Male,North,Enterprise,59
100159,30,Male,North,Consumer,10
100160,31,Female,South,Consumer,6
100161,21,Male,South,Consumer,2
100162,25,Male,West,Consumer,43
100163,59,Female,West,Business,32
100164,54,Female,West,Business,45
100165,66,Male,West,Business,8
100166,29,Female,North,Consumer,40
100167,67,Male,East,Consumer,19
100168,32,Male,West,Business,46
100169,65,Male,South,Business,43
100170,64,Male,North,Business,14
100171,38,Female,North,Consumer,3
100172,21,Male,East,Consumer,21
100173,36,Female,South,Consumer,12
100174,29,Female,West,Business,50
100175,70,Female,West,Enterprise,50
100176,26,Male,West,Consumer,25
100177,68,Female,North,Business,67
100178,20,Male,East,Business,61
100179,72,Male,South,Consumer,63
100180,50,Male,North,Business,8
100181,50,Female,North,Enterprise,60
100182,19,Female,North,Consumer,37
100183,34,Female,East,Business,29
100184,37,Male,West,Consumer,37
100185,64,Male,West,Business,18
100186,71,Male,East,Consumer,22
100187,47,Male,West,Consumer,38
100188,39,Female,West,Consumer,26
100189,57,Female,West,Business,17
100190,62,Female,East,Consumer,29
100191,69,Female,North,Consumer,22
100192,56,Male,North,Enterprise,7
100193,57,Male,West,Consumer,35
100194,49,Male,West,Business,71
100195,47,Male,North,Consumer,34
100196,57,Female,North,Business,57
100197,69,Female,South,Enterprise,62
100198,63,Male,East,Enterprise,2
100199,73,Male,North,Business,64
